མཚན་བྱང་།,ཤོག་གྲངས།,1,མཆན་གྲངས།,པར་མ།,མཆན།
རྒྱུད་སྣ་ཚོགས་ལས་བཏུས་པའི་གཏོར་མ་ཆོ་ག,1007,2,1,《པེ》,རྒྱུད་སྣ་ཚོགས་ལས་བཏུས་པའི་གཏོར་མའི་ཆོ་ག་བཞུགས་སོ།། ,《སྣར》,རྒྱུད་སྣ་ཚོགས་ལས་བཏུས་པའི་གཏོར་མའི་ཆོ་ག་བཞུགས།,,,,,མཚན་བྱང་འདི་ཆོས་མཚན་བོད་སྐད་དུ་སྨོས་པ་ལྟར་བཀོད་ཅིང་། 
,,3,2,《པེ་》《སྣར་》,ཏནྡྲོདྡྷི།
,,4,3,《པེ་》《སྣར་》,ལི་བི་དྷི།
,,5,4,《པེ་》《སྣར་》,དཔར།
,,6,5,《པེ་》《སྣར་》,གི་རེག་པ།
,,7,6,《པེ་》《སྣར་》,བརྟུལ།
,1008,8,1,《པེ་》《སྣར་》,དུ།
,,9,2,《པེ་》《སྣར་》,སྤྲུལ་པར་གྱུར།
,,10,3,《པེ་》《སྣར་》,གྱུར།
,,11,4,《པེ་》《སྣར་》,བོས་ཞི་མ།
,,12,5,《པེ་》《སྣར་》,གདུང་།
,,13,6,《སྣར་》,ལིན།
,,14,7,《པེ་》《སྣར་》,བྱས་པ།
,,15,8,《པེ་》《སྣར་》,པར།
,,16,9,《པེ་》《སྣར་》,གཅི།
,,17,10,《པེ་》《སྣར་》,གཉིད།
,,18,11,《སྣར་》,ཟས།
,,19,12,《པེ་》《སྣར་》,ཡིས།
,,20,13,《པེ་》《སྣར་》,ཡིས།
,,21,14,《པེ་》《སྣར་》,ཐོབ།
,1009,22,1,《པེ་》《སྣར་》,ནས།
,,23,2,《པེ་》《སྣར་》,ཡིས།
,,24,3,《སྣར་》,འབྱུང་བར།
,,25,4,《སྣར་》,བརྩལ།
,,26,5,《པེ་》《སྣར་》,འཁྱམ།
,,27,6,《པེ་》《སྣར་》,ལྡོག
,,28,7,《སྣར་》,ཀྱི།
,,29,8,《པེ་》《སྣར་》,pསུ།
,,30,9,《པེ་》,རིགས།
,,31,10,《པེ་》《སྣར་》,བསྐལ་པ།
,,32,11,《པེ་》,རིགས།
,,33,12,《སྣར་》,བོར།
,1010,34,1,《སྣར་》,མཐུང་།
,,35,2,《པེ་》《སྣར་》,རིག
,,36,3,《པེ་》《སྣར་》,པས།
,,37,4,《པེ་》,pཁྱེར།
,,38,5,《པེ་》《སྣར་》,བས།
,,39,6,《པེ་》《སྣར་》,ཀྱི།
,,40,7,《པེ་》,མིའི་མངོན་གསུམ།,《སྣར་》,མིའི་མངོན་སུམ།
,1011,41,1,《སྣར་》,གླངས།
,,42,2,《པེ་》《སྣར་》,བཞིན། །གངྒཱའི།
,,43,3,《པེ་》《སྣར་》,གང་།
,,44,4,《སྣར་》,ནི།
,,45,5,《པེ་》《སྣར་》,སྣོད།
,,46,6,《པེ་》,མཐོབ།
,,47,7,《པེ་》《སྣར་》,པོར།
,,48,8,《པེ་》《སྣར་》,ཡིས།
,1012,49,1,《པེ་》《སྣར་》,བརྙེས།
,,50,2,《པེ་》《སྣར་》,པ།
,,51,3,《པེ་》《སྣར་》,ལས།
,,52,4,《པེ་》《སྣར་》,པུལླི་ར་མ།
,,53,5,《པེ་》《སྣར་》,རྗེ།
,,54,6,《པེ་》《སྣར་》,རི།
,1013,55,1,《པེ་》《སྣར་》,mཔས།
,,56,2,《པེ་》《སྣར་》,pཅན་དག
,,57,3,《པེ་》《སྣར་》,བང་།
,,58,4,《པེ་》,མདོ།
,,59,5,《པེ་》,བཀྲིག
,,60,6,《སྣར་》,བརྒྱན།
,,61,7,《པེ་》《སྣར་》,ནག
,,62,8,《པེ་》《སྣར་》,བརྩིགས།
,,63,9,《པེ་》,མི།
,1014,64,1,《པེ་》,pལག་པ།
,,65,2,《པེ་》,གཅིད།
,,66,3,《པེ་》《སྣར་》,mནི།
,,67,4,《པེ་》《སྣར་》,དཀར་གནག་དང་། དམར་གནག
,,68,5,《པེ་》《སྣར་》,དབུ།
,,69,6,《པེ་》,ལོགས་པས་སོགས།
,,70,7,《སྣར་》,གྲོ།
,,71,8,《པེ་》,རྩིབས།,《སྣར་》,རྩིགས།
,1015,72,1,《པེ་》,mམགོ་ཅན་མ་དང་།
,,73,2,《པེ་》,བའི་རྣོམ།,《སྣར་》,བའི་རྣོན།
,,74,3,《པེ་》《སྣར་》,mཔ།
,,75,4,《པེ་》,རྣམ།
,,76,5,《པེ་》《སྣར་》,རྒ།
,,77,6,《སྣར་》,mཅན།
,,78,7,《པེ་》《སྣར་》,པོ།
,,79,8,《པེ་》《སྣར་》,mནུབ་ཏུ་ནི།
,,80,9,《པེ་》《སྣར་》,རྔ།
,1016,81,1,《པེ་》,བ།,《སྣར་》,འཇིག་བྱེད་མ།
,,82,2,《པེ་》《སྣར་》,mཆོས་ཀྱི།
,,83,3,《སྣར་》,ཀྱང་།
,,84,4,《པེ་》《སྣར་》,བཅིང་།
,,85,5,《པེ་》《སྣར་》,ཏ་ལི།
,,86,6,《པེ་》《སྣར་》,གྱི།
,,87,7,《པེ་》《སྣར་》,བང་།
,,88,8,《པེ་》,ནི་པི་བང་།,《སྣར་》,པི་བང་།
,1017,89,1,《པེ་》,འཛུབ།,《སྣར་》,འཛུམ།
,,90,2,《པེ་》《སྣར་》,བཟུང་།
,,91,3,《སྣར་》,གདུག
,,92,4,《པེ་》《སྣར་》,གཞག
,,93,5,《པེ་》《སྣར་》,ཀླུཾ།
,,94,6,《པེ་》《སྣར་》,mརྡོ་རྗེ།
,,95,7,《པེ་》,མཛུམ།
,,96,8,《པེ་》《སྣར་》,mཨོཾ་གཱ་ཏ་…...ཁྱབ་འཇུག་གིའོ།།
,,97,9,《པེ་》《སྣར་》,གཞག
,,98,10,《པེ་》《སྣར་》,པ།
,,99,11,《པེ་》《སྣར་》,mཞེས་བྱ་བ་ནི།
,,100,12,《པེ་》《སྣར་》,སྦུབ།
,,101,13,《པེ་》《སྣར་》,གྱིས།
,1018,102,1,《པེ་》,གཱུ།,《སྣར་》,གཱུ།
,,103,2,《པེ་》《སྣར་》,ཀྱི།
,,104,3,《སྣར་》,གནས།
,,105,4,《པེ་》《སྣར་》,གྷ་ཎ་ཊེ།
,,106,5,《པེ་》《སྣར་》,གྷ་ཎ་ཊེ།
,,107,6,《པེ་》《སྣར་》,ཧྲི་ད་ཡཾ་སཾ་ཤི།
,,108,7,《སྣར་》,ཀྱི།
,,109,8,《པེ་》《སྣར་》,mལ།
,,110,9,《པེ་》,pདང་།
,,111,10,《པེ་》《སྣར་》,པ།
,,112,11,《པེ་》《སྣར་》,ལུའི།
,,113,12,《པེ་》,ཟས།,《སྣར་》,ཇས།
,1019,114,1,《སྣར་》,བཞག
,,115,2,《པེ་》《སྣར་》,ཝད་ཏ་ལི།
,,116,3,《པེ་》《སྣར་》,ཝད་ཏ།
,,117,4,《པེ་》《སྣར་》,pབར།
,,118,5,《པེ་》《སྣར་》,mཧི།
,,119,6,《པེ་》《སྣར་》,བ།
,,120,7,《པེ་》《སྣར་》,ཀར།
,,121,8,《པེ་》《སྣར་》,ཤྲིར་ཏེ་བེ་དི།
,,122,9,《པེ་》,སུཀྐ་སི།,《པེ་》,བུཀྐ་སི།
,,123,10,《པེ་》《སྣར་》,བུཀྐསི།,,པུཀ་སི།
,,124,11,《པེ་》《སྣར་》,ཨཪྵ་ཡ་ཨ་ཀཪྵ།
,,125,12,《པེ་》《སྣར་》,བེ།
,,126,13,《པེ་》《སྣར་》,mམཛུབ་མོ།
,,127,14,《པེ་》《སྣར་》,mཛྲཾ་ཧྲཾ།
,,128,15,《སྣར་》,གརྡབས།
,,129,16,《པེ་》《སྣར་》,pཕྱོགས།
,,130,17,《སྣར་》,ནས།
,,131,18,《པེ་》《སྣར་》,།། །།
,,132,19,《པེ་》,mབྱས།
,,133,20,《པེ་》,གཞག
,,134,21,《པེ་》《སྣར་》,ལྷ།
,,135,22,《པེ་》《སྣར་》,ལྷ།
,,136,23,《པེ་》,གཏོར།
,,137,24,《པེ་》,པ་དང་། ཧཱུ་ལུ།,《སྣར་》,ཧཱུ་ལུ།
,1020,138,1,《པེ་》《སྣར་》,བཟངས།
,,139,2,《པེ་》《སྣར་》,གཙྪ་ཨཱ་གཙྪ།
,,140,3,《པེ་》《སྣར་》,pག
,,141,4,《པེ་》《སྣར་》,མཐེ།
,,142,5,《སྣར་》,བཟུང་སྟེ་བཏང་བར།
,,143,6,《པེ་》《སྣར་》,།། །།
,,144,7,《པེ་》《སྣར་》,ཅན།
,,145,8,《པེ་》,གཞག
,,146,9,《པེ་》《སྣར་》,བསྔགས།
,,147,10,《པེ་》《སྣར་》,པས།
,,148,11,《པེ་》,ག
,,149,12,《པེ་》《སྣར་》,པཏྟ།
,,150,13,《པེ་》《སྣར་》,།། །།
,,151,14,《པེ་》,འགྲོགས།
,1021,152,1,《པེ་》《སྣར་》,mསྣོད།
,,153,2,《པེ་》,གཞག
,,154,3,《པེ་》《སྣར་》,mབྱས་ཏེ།
,,155,4,《པེ་》《སྣར་》,pདང་།
,,156,5,《པེ་》《སྣར་》,།། །།
,,157,6,《པེ་》《སྣར་》,གང་།
,,158,7,《པེ་》《སྣར་》,སྟབས།
,1022,159,1,《པེ་》《སྣར་》,པདྨའི།
,,160,2,《སྣར་》,བཞག
,,161,3,《པེ་》《སྣར་》,mཨི།
,,162,4,《པེ་》《སྣར་》,ཏི།
,,163,5,《པེ་》,གཞག
,,164,6,《པེ་》《སྣར་》,།། །།
,1023,165,1,《སྣར་》,བཞག
,,166,2,《པེ་》《སྣར་》,དེ།
,,167,3,《པེ་》《སྣར་》,ག་ཡིན།
,,168,4,《པེ་》《སྣར་》,རཥྚཱ་ཡ་གནྡྷ་རྦ་ས།
,,169,5,《པེ་》《སྣར་》,རུ།
,,170,6,《པེ་》,པཀྵཱ།,《སྣར་》,བྷཀྵཱ།
,,171,7,《པེ་》,ནཱ་ག,《སྣར་》,ནཱ་གཱ།
,,172,8,《པེ་》,གཞི།
,1024,173,1,《སྣར་》,གྲོ།
,,174,2,《པེ་》《སྣར་》,པོའོ།
,,175,3,《སྣར་》,གཙོང་།
,,176,4,《པེ་》《སྣར་》,ནི།
,,177,5,《པེ་》《སྣར་》,ཅིག
,,178,6,《སྣར་》,བཏང་།
,,179,7,《པེ་》《སྣར་》,ཤཱ།
,,180,8,《པེ་》《སྣར་》,གྲིཧྞཾ་ཏུ།
,1025,181,1,《པེ་》《སྣར་》,སི་དྡྷཾི་མེ།
,,182,2,《པེ་》,ཡེ་ཐེ།,《སྣར་》,ཡ་ཐེ།
,,183,3,《པེ་》,མ།,《སྣར་》,ཛི་ཊ་ཐ། མ།
,,184,4,《པེ་》《སྣར་》,སད་སུ་ཁཾ།
,,185,5,《སྣར་》,pཕཊ།
,,186,6,《པེ་》《སྣར་》,སྔགས།
,,187,7,《པེ་》《སྣར་》,གཅིག
,,188,8,《པེ་》《སྣར་》,སྒོམ།
,,189,9,《པེ་》《སྣར་》,འཐབ།
,1026,190,1,《པེ་》《སྣར་》,རིག
,,191,2,《པེ་》《སྣར་》,གོའུ།
,,192,3,《པེ་》《སྣར་》,བཅིང་།
,,193,4,《པེ་》《སྣར་》,མ།
,,194,5,《སྣར་》,བཞག
,,195,6,《པེ་》,ཏོ་ཥོ།
,,196,7,《པེ་》《སྣར་》,བཾ།
,1027,197,1,《པེ་》《སྣར་》,མུ།
,,198,2,《སྣར་》,པར།
,,199,3,《པེ་》《སྣར་》,།།
,,200,4,《པེ་》《སྣར་》,mཧཱུཾ།
,,201,5,《པེ་》,mཕྱག་དྲུག་པ།
,,202,6,《པེ་》《སྣར་》,དམར་སེར།
,,203,7,《པེ་》《སྣར་》,pགྱི་རྒྱན།
,,204,8,《པེ་》《སྣར་》,བའི།
,,205,9,《པེ་》《སྣར་》,ཏུ་དྲིས།
,1028,206,1,《པེ་》,བཀྲིས།
,,207,2,《པེ་》《སྣར་》,གཞག
,,208,3,《པེ་》《སྣར་》,གཞག
,,209,4,《པེ་》《སྣར་》,mརྩ།
,,210,5,《པེ་》《སྣར་》,ཐུག
,,211,6,《སྣར་》,གདུགས།
,,212,7,《པེ་》《སྣར་》,དྷྲིཀ
,,213,8,《པེ་》《སྣར་》,mལ།
,,214,9,《པེ་》《སྣར་》,རྒྱ།
,,215,10,《པེ་》,pལས།,《སྣར་》,pལ།
,,216,11,《པེ་》《སྣར་》,pདང་།
,,217,12,《པེ་》《སྣར་》,pལ།
,1029,218,1,《པེ་》《སྣར་》,མདའོ།
,,219,2,《པེ་》《སྣར་》,mབསམས།
,,220,3,《པེ་》《སྣར་》,པ།
,,221,4,《པེ་》《སྣར་》,mཀྱིས།
,,222,5,《པེ་》,གིས།
,,223,6,《པེ་》《སྣར་》,pཡ།
,,224,7,《པེ་》,mཤྱ།
,,225,8,《པེ་》《སྣར་》,ཡུངས།
,,226,9,《པེ་》,པ།
,,227,10,《པེ་》《སྣར་》,pཏེ།
,1030,228,1,《པེ་》《སྣར་》,ལ་ཐ།
,,229,2,《པེ་》《སྣར་》,mགོང་བུའི་འབྲུ་དང་།
,,230,3,《པེ་》《སྣར་》,བཛྲ།
,,231,4,《པེ་》《སྣར་》,ར།
,,232,5,《སྣར་》,འདིས།
,,233,6,《སྣར་》,ཨིནྜ།
,,234,7,《པེ་》《སྣར་》,བྷུད་བ་ཎྞི།
,,235,8,《པེ་》《སྣར་》,ཙནྡྲ།
,,236,9,《པེ་》《སྣར་》,བ་པུ། ཏ་ལ་བ་ཏ་ལཾ་ཨ་ཊྛ་ས་བུ་ས་ཧྷ། 
,,238,11,《པེ་》《སྣར་》,ཎཾ།
,1031,239,1,《པེ་》《སྣར་》,ཏྭ།
,,240,2,《པེ་》《སྣར་》,སོ་སོའི།
,,241,3,《པེ་》《སྣར་》,ཨིནྡྲ།
,,242,4,《པེ་》《སྣར་》,ཨགྣ་ཡེ།
,,243,5,《པེ་》,མོ།
,,244,6,《པེ་》《སྣར་》,ཧ།
,,245,7,《པེ་》《སྣར་》,ཤར།
,,246,8,《པེ་》,པྲ་བ་ཏོ།
,,247,9,《པེ་》《སྣར་》,ཐལ།
,,248,10,《སྣར་》,གོད།
,,249,11,《པེ་》,གཞག
,,250,12,《པེ་》《སྣར་》,mན།
,,251,13,《པེ་》《སྣར་》,པའི།
,,252,14,《པེ་》,གཞག
,,253,15,《པེ་》《སྣར་》,སྙེམས།
,1032,254,1,《པེ་》《སྣར་》,pརྒྱ།
,,255,2,《པེ་》,རྒྱ་ཚིགས་གཞག,《སྣར་》,རྒྱ་ཚིགས་བཞག
,,256,3,《པེ་》《སྣར་》,བསྲུང་།
,,257,4,《པེ་》《སྣར་》,mནས།
,,258,5,《པེ་》《སྣར་》,mཏེ།
,,259,6,《པེ་》,པ།
,,260,7,《པེ་》《སྣར་》,ཀླག
,1033,261,1,《པེ་》《སྣར་》,བཟངས།
,,262,2,《པེ་》《སྣར་》,དངོ་།
,,263,3,《པེ་》《སྣར་》,དག
,,264,4,《པེ་》《སྣར་》,འཕྲེང་།
,,265,5,《པེ་》《སྣར་》,སྣོམས།
,1034,266,1,《པེ་》《སྣར་》,སྣོམས།
,,267,2,《པེ་》《སྣར་》,སྒྲུབ།
,,268,3,《སྣར་》,མོས།
,,269,4,《པེ་》《སྣར་》,ཚིམ།
,,270,5,《པེ་》,དཀའ།
,,271,6,《པེ་》《སྣར་》,ཀྱི།
,1035,272,1,《པེ་》《སྣར་》,པོའི་སྦྱིན་པ།
,,273,2,《པེ་》《སྣར་》,ཐ།
,,274,3,《པེ་》《སྣར་》,རབ
,,275,4,《པེ་》《སྣར་》,ལས།
,,276,5,《པེ་》《སྣར་》,ཧཱུཾ་གིས་སྤར།
,,277,6,《པེ་》,ཧྲི་ཡིས།,《སྣར་》,ཧྲཱིཿཡིས།
,1036,278,1,《པེ་》,གིས།
,,279,2,《སྣར་》,ཨ།
,,280,3,《པེ་》,ཨཱུཿརི་རཱི། ལི་ལཱི། 
,,281,4,《པེ་》,ཨཱཿ།
,,282,5,《པེ་》,ཨཱ།
,,283,6,《སྣར་》,སུ།
,1037,284,1,《པེ་》,བྱ།,《སྣར་》,བྱན།
,,285,2,《པེ་》《སྣར་》,དྷྱི།
,,286,3,《པེ་》《སྣར་》,པྲིཎ།
,,287,4,《པེ་》《སྣར་》,བོ།
,,288,5,《པེ་》《སྣར་》,གིས།
,,289,6,《པེ་》《སྣར་》,བླུགས་ཤིང་།
,,290,7,《པེ་》,pནི་བཟླས།
,,291,8,《པེ་》,བརྒྱད།
,,292,9,《སྣར་》,འཚོ།
,,293,10,《པེ་》《སྣར་》,གདུངས་པར།
,1038,294,1,《པེ་》《སྣར་》,ཕྲལ།
,,295,2,《སྣར་》,གའི།
,,296,3,《པེ་》《སྣར་》,ཧྲིཿ།
,,297,4,《པེ་》《སྣར་》,བལྟ།
,,298,5,《པེ་》《སྣར་》,པས།
,,299,6,《སྣར་》,བསྐྱེས།
,,300,7,《སྣར་》,སྟོང་དུ་བཀྲུས།
,,301,8,《པེ་》《སྣར་》,གྱིས།
,,302,9,《པེ་》《སྣར་》,ཨ།
,,303,10,《པེ་》《སྣར་》,ཨ།
,,304,11,《པེ་》《སྣར་》,ཧ།
,,305,12,《པེ་》《སྣར་》,པུ།
,,306,13,《པེ་》《སྣར་》,གྲིཧྣ།
,,307,14,《པེ་》《སྣར་》,གྲ།
,,308,15,《པེ་》《སྣར་》,བྷུཉྫ།
,1039,309,1,《པེ་》《སྣར་》,པོས།
,,310,2,《པེ་》《སྣར་》,པས།
,,311,3,《སྣར་》,pབ།
,,312,4,《སྣར་》,mར།
,,313,5,《པེ་》《སྣར་》,mཔའི།
,,314,6,《པེ་》《སྣར་》,འབྲུག
,,315,7,《པེ་》《སྣར་》,བསྒྲུབ།
,,316,8,《པེ་》《སྣར་》,གཞི།
,,317,9,《པེ་》《སྣར་》,ལམ།
,,318,10,《པེ་》《སྣར་》,བྱུག
,,319,11,《པེ་》《སྣར་》,ཀྱིས་དྲི་བསུང་།
,,320,12,《པེ་》《སྣར་》,བྱུ།
,,321,13,《པེ》《སྣར་》,ཀྱིས།
,1040,322,1,《པེ་》《སྣར་》,ཀྱིས།
,,323,2,《པེ་》《སྣར་》,སྐྱིབས།
,,324,3,《པེ་》《སྣར་》,ཡུངས།
,,325,4,《པེ་》《སྣར་》,pཙན་དན་དང་།
,,326,5,《པེ་》《སྣར་》,mཁ་དྷ་དང་།
,,327,6,《པེ་》《སྣར་》,ཅན།
,,328,7,《པེ་》,བོམ།
,,329,8,《པེ་》《སྣར་》,ཡན་དུ།
,,330,9,《པེ་》《སྣར་》,བང་།
,,331,10,《པེ་》《སྣར་》,ཧོ།
,,332,11,《སྣར་》,བརྒྱས།
,,333,12,《པེ་》《སྣར་》,ཤུདྡྷ།
,,334,13,《པེ་》《སྣར་》,བྷ།
,,335,14,《པེ་》《སྣར་》,m྅།
,,336,15,《པེ་》《སྣར་》,དྷརྨཱ་ཎཱཾ་ཨཱདྱཱ།
,,337,16,《པེ་》《སྣར་》,ཏཱཏ།
,1041,338,1,《པེ་》《སྣར་》,བསྲུང་།
,,339,2,《པེ་》《སྣར་》,ཀྱི།
,,340,3,《པེ་》《སྣར་》,པ།
,,341,4,《པེ་》《སྣར་》,པྲི་གྲི་སོོ།
,,342,5,《པེ་》《སྣར་》,པུ་ལི་ར་མ།
,,343,6,《པེ་》《སྣར་》,ཛ།
,,344,7,《པེ་》《སྣར་》,ཨོོ།
,,345,8,《པེ་》《སྣར་》,ད་ཝ་རི།
,,346,9,《པེ་》《སྣར་》,བི་ཀོ་ཊི།
,,347,10,《པེ་》《སྣར་》,རུ།
,,348,11,《པེ་》《སྣར་》,དང་།
,,349,12,《པེ་》《སྣར་》,ཀཉྩི།
,,350,13,《པེ་》《སྣར་》,གྲི།
,,351,14,《པེ་》《སྣར་》,ར།
,,352,15,《པེ་》《སྣར་》,ཏ།
,,353,16,《སྣར་》,ནི།
,,354,17,《པེ་》《སྣར་》,དུག་གོང་།
,1042,355,1,《པེ་》《སྣར་》,མྲ།
,,356,2,《པེ་》,བསྲུང་།
,,357,3,《པེ་》《སྣར་》,ནགས་དང་འབྲོག
,,358,4,《པེ་》《སྣར་》,དབྱེན།
,,359,5,《པེ་》《སྣར་》,གིས།
,,360,6,《པེ་》,བྱས།
,,361,7,《པེ་》《སྣར་》,ཡིས།
,,362,8,《པེ་》《སྣར་》,ཤྱས།
,,363,9,《པེ་》《སྣར་》,རི།
,,364,10,《པེ་》《སྣར་》,སནྣ།
,,365,11,《པེ་》,pཨ་མུ་ཀ
,,366,12,《པེ་》,ལི་ལ་ཛཱ་ཏི།,《སྣར་》,ལི་ལ་ཛ་ཏི།
,,367,13,《པེ་》《སྣར་》,ནི་ཏྲ།
,1043,368,1,《པེ་》《སྣར་》,དྷུ་པ་བ་ལི་པུ་ཛ་གྲིཧྣ་གྲིཧྣ།
,,369,2,《པེ་》《སྣར་》,pཏུ་རུ།
,,370,3,《པེ་》《སྣར་》,mམའི།
,,371,4,《པེ་》《སྣར་》,པས།
,,372,5,《པེ་》《སྣར་》,འཆད།
,,373,6,《པེ་》《སྣར་》,འགྱུར།
,,374,7,《པེ་》《སྣར་》,ཁྱེར།
,1044,375,1,《པེ་》《སྣར་》,བི།
,,376,2,《པེ་》《སྣར་》,མཁར།
,,377,3,《པེ་》《སྣར་》,པོ།
,,378,4,《པེ་》《སྣར་》,ལི།
,,379,5,《པེ་》,ཀཱི།
,,380,6,《པེ་》,ཡི།
,,381,7,《པེ་》《སྣར་》,མར།
,1045,382,1,《པེ་》《སྣར་》,ཤཱི་ཙ་བྷྱོཿ།
,,383,2,《པེ་》《སྣར་》,བྷུ་ཛ།
,,384,3,《པེ་》《སྣར་》,ཐེ།
,,385,4,《པེ་》《སྣར་》,mཤ་ཟའི་གཏོར་མའི།
,1046,386,1,《པེ་》《སྣར་》,ཀྲི།
,,387,2,《པེ་》,འཁྲུས།
,,388,3,《པེ་》《སྣར་》,ཀྱི།
,,389,4,《སྣར་》,mཔོ།
,,390,5,《པེ་》《སྣར་》,ཅིག
,,391,6,《པེ་》《སྣར་》,mསྙིང་གར་འཛིན་བྱེད་གཞན་དག་ནི།།
,1047,392,1,《པེ་》《སྣར་》,པ་ཤེ།
,,393,2,《པེ་》《སྣར་》,ཁྲི།
,,394,3,《པེ་》《སྣར་》,ས།
,,395,4,《པེ་》《སྣར་》,ཧ།
,,396,5,《པེ་》《སྣར་》,ཧ་ས་ཀྵི།
,,397,6,《པེ་》《སྣར་》,mཡ་ཨཱ་གཙྪ་ཡ།
,,398,7,《པེ་》,ནཱི་མུ།,《སྣར་》,ནཱི་མཱ།
,,399,8,《པེ་》,བི་ཤ,《སྣར་》,བི་ཤྭ།
,,400,9,《པེ་》《སྣར་》,བརླབས།
,,401,10,《པེ་》《སྣར་》,mཨོཾ།
,,402,11,《པེ་》《སྣར་》,ཤྲཱི།
,,403,12,《པེ་》,mདྲི་དང་།
,,404,13,《པེ་》,mཤ
,,405,14,《པེ་》《སྣར་》,mབ།
,,406,15,《པེ་》《སྣར་》,བུདྡྷ།
,1048,407,1,《པེ་》,གྲིཧྣ་གྲིཧྣ།
,,408,2,《པེ་》《སྣར་》,པོ།
,,409,3,《པེ་》,བྱ་བ་།
,,410,4,《སྣར་》,mདེ།
,,411,5,《པེ་》《སྣར་》,སྐྱུགས།
,,412,6,《པེ་》《སྣར་》,གང་།
,,413,7,《པེ་》,ཀུ།,《སྣར་》,ཀ
,,414,8,《སྣར་》,པ།
,,415,9,《པེ་》《སྣར་》,གསོས།
,,416,10,《སྣར་》,གསོད།
,,417,11,《པེ་》《སྣར་》,ནས།
,1049,418,1,《པེ་》《སྣར་》,ཅིག
,,419,2,《པེ་》《སྣར་》,སྲུང་།
,,420,3,《པེ་》《སྣར་》,སྒྲུབ།
,,421,4,《པེ་》《སྣར་》,བསྒོམ།
,,422,5,《པེ་》,དྲིས་ནས། །རྡོ།,《སྣར་》,བྲིས་ནས། །རྡོ།
,,423,6,《པེ་》《སྣར་》,བསྒེགས།
,,424,7,《པེ་》《སྣར་》,སྐྱོན།
,,425,8,《པེ་》《སྣར་》,སྒྲུབ།
,1050,426,1,《པེ་》《སྣར་》,བསྒེགས།
,,427,2,《སྣར་》,བྱུག
,,428,3,《པེ་》《སྣར་》,ཡུངས།
,,429,4,《པེ་》《སྣར་》,བརྡེག
,,430,5,《པེ་》,བྱ་བའི།
,,431,6,《པེ་》《སྣར་》,གདུངས།
,,432,7,《པེ་》《སྣར་》,བསྲུངས།
,,433,8,《པེ་》,གཙིག
,1051,434,1,《པེ་》《སྣར་》,འགྱུར།
,,435,2,《པེ་》,mས།
,,436,3,《པེ་》《སྣར་》,བཞད།
,,437,4,《པེ་》《སྣར་》,པ།
,,438,5,《པེ་》《སྣར་》,ཡིས།
,,439,6,《པེ་》《སྣར་》,ཏེ།
,,440,7,《སྣར་》,སྨྲས།
,,441,8,《པེ་》《སྣར་》,སྩལ།
,,442,9,《པེ་》,གྱི།
,,443,10,《པེ་》,ཕམ།,《སྣར་》,ཕབ།
,,444,11,《པེ་》,དུ།
,,445,12,《པེ་》《སྣར་》,པར།
,,446,13,《པེ་》《སྣར་》,ལ།
,1052,447,1,《པེ་》《སྣར་》,བཏུལ།
,,448,2,《པེ་》《སྣར་》,གཏུབ།
,,449,3,《སྣར་》,བྷཱུར།
,,450,4,《པེ་》《སྣར་》,mཿ།
,,451,5,《པེ་》《སྣར་》,mཁཱ།
,,452,6,《པེ་》《སྣར་》,བིདྱ།
,,453,7,《པེ་》《སྣར་》,pབ།
,,454,8,《པེ་》《སྣར་》,ནི།
,,455,9,《པེ་》《སྣར་》,ཀ
,,456,10,《པེ་》《སྣར་》,ཡ།
,,457,11,《པེ་》《སྣར་》,བཞད།
,,458,12,《པེ་》《སྣར་》,མ།
,,459,13,《པེ་》,བཟུང་བར་བྱས།
,1053,460,1,《པེ་》《སྣར་》,བཙོང་།
,,461,2,《པེ་》《སྣར་》,mརོ་ལངས་ཀྱི།
,,462,3,《པེ་》《སྣར་》,བགྱི།
,,463,4,《སྣར་》,ཚོ།
,,464,5,《པེ་》《སྣར་》,འཆང་།
,,465,6,《སྣར་》,བཞག
,,466,7,《པེ་》《སྣར་》,པོར་བྱུགས།
,,467,8,《པེ་》《སྣར་》,རྒྱན།
,,468,9,《སྣར་》,བཞག
,,469,10,《པེ་》《སྣར་》,ཡིས།
,,470,11,《པེ་》《སྣར་》,གིས།
,1054,471,1,《པེ་》《སྣར་》,བཟུང་།
,,472,2,《པེ་》《སྣར་》,པོ།
,,473,3,《པེ་》,དབྱུག,《སྣར་》,དབྱུགས།
,,474,4,《པེ་》,གཞད།
,,475,5,《པེ་》《སྣར་》,བྱུག
,,476,6,《པེ་》《སྣར་》,འཁྲིག
,1055,477,1,《སྣར་》,བཞག
,,478,2,《པེ་》,དུར་བ་མདུན།,《སྣར་》,དུར་བ་བདུན།
,,479,3,《པེ་》《སྣར་》,སྦྱོར།
,,480,4,《པེ་》《སྣར་》,སྦྱོར།
,,481,5,《པེ་》《སྣར་》,ཅིག
,,482,6,《པེ་》《སྣར་》,ལན།
,,483,7,《པེ་》《སྣར་》,བི།
,,484,8,《པེ་》《སྣར་》,པོ།
,,485,9,《པེ་》《སྣར་》,ཡང་ཞིང་།
,,486,10,《པེ་》《སྣར་》,བུས་པ།
,1056,487,1,《པེ་》《སྣར་》,པར།
,,488,2,《པེ་》《སྣར་》,ལེན་དྲ།
,,489,3,《པེ་》《སྣར་》,མཱ།
,,490,4,《པེ་》《སྣར་》,རན་ཎུ།
,,491,5,《པེ་》,mཎི་མུག་ཏ།
,,492,6,《པེ་》《སྣར་》,ཧེ་མི།
,,493,7,《པེ་》《སྣར་》,པུཥྚིཾ།
,,494,8,《པེ་》《སྣར་》,pཛཾ།
,,495,9,《པེ་》《སྣར་》,འབྲུག
,,496,10,《པེ་》《སྣར་》,mགཏོར་མའི་སྣོད་དགུ་པོ་དག
,,497,11,《པེ་》《སྣར་》,mདེ་ནས་ཁྱོད་ཀྱིས་…...སྦྱིན་སྲེག་གི་ཆུའི་གཏོར་མའི་ཆོ་གའོ།།
,,498,12,《པེ་》《སྣར་》,བའི།
,1057,499,1,《པེ་》《སྣར་》,པོ།
,,500,2,《པེ་》《སྣར་》,ཅིག
,,501,3,《པེ་》《སྣར་》,རྐེད་པའི་ཆ་མའི།,《ཅོ་》,རྐེང་བའི་ཆ་མའི།
,,502,4,《པེ་》《སྣར་》,mཅུང་ཟད།
,,503,5,《པེ་》《སྣར་》,pཀྱིས།
,,504,6,《པེ་》《སྣར་》,mལག་པ།
,,505,7,《པེ་》《སྣར་》,གཡོན།
,,506,8,《པེ་》《སྣར་》,ཤཱུ།
,,507,9,《པེ་》,གྱིས།
,,508,10,《པེ་》《སྣར་》,པ་པ།
,,509,11,《པེ་》《སྣར་》,རཱ།
,,510,12,《པེ་》《སྣར་》,གྲྀཧྞ་གྲྀཧྞ།
,,511,13,《པེ་》《སྣར་》,བེ།
,,512,14,《པེ་》《སྣར་》,ཡེ།
,1058,513,1,《པེ་》《སྣར་》,མཁས།
,,514,2,《སྣར་》,ཌཱ།
,,515,3,《པེ་》《སྣར་》,བསྡུ་བ།
,,516,4,《པེ་》《སྣར་》,མཁས།
,1059,517,1,《པེ་》《སྣར་》,ཁ།
,,518,2,《པེ་》《སྣར་》,གུ།
,,519,3,《པེ་》《སྣར་》,བོ།
,,520,4,《པེ་》《སྣར་》,རྩེ།
,,521,5,《པེ་》《སྣར་》,མཁས།
,,522,6,《པེ་》《སྣར་》,མ།
,,523,7,《པེ་》《སྣར་》《ཅོ་》,རྣལ།
,,524,8,《སྣར་》,འགྱུར།
,,525,9,《པེ་》《སྣར་》,དང་།
,,526,10,《པེ་》,mབཅུ་པོ་དག་གིས་ནི། །ཕྱོགས།
,,527,11,《པེ་》,ཐེཥྚ།
,,528,12,《པེ་》《སྣར་》,mཕཊ།
,1060,529,1,《པེ་》《སྣར་》,ལོ།
,,530,2,《པེ་》,སྐྱོབས།
,,531,3,《པེ་》《སྣར་》,འགྲོ།
,,532,4,《པེ་》《སྣར་》,ཨ།
,,533,5,《པེ་》《སྣར་》,ག
,,534,6,《པེ་》《སྣར་》,བྷཱིཾ།
,,535,7,《པེ་》《སྣར་》,གྲ།
,,536,8,《པེ་》,གྲྀཧྞ།,《སྣར་》,གྲིཧྞ།
,,537,9,《པེ་》《སྣར་》,ཨ།
,,538,10,《པེ་》《སྣར་》,དྲང་བས།
,1061,539,1,《པེ་》,བསྒྲུབ་པ་པོས།,《སྣར་》,བསྒྲུབ་པ་པོ།
,,540,2,《པེ་》《སྣར་》,ཀྱི།
,,541,3,《པེ་》《སྣར་》,རྟེན།
,,542,4,《པེ་》《སྣར་》,འགྱུར་བ།
,,543,5,《སྣར་》,བཞག
,,544,6,《སྣར་》,བཞག
,,545,7,《སྣར་》《ཅོ་》,བཞག
,,546,8,《པེ་》《སྣར་》,བྷུ་ཙ།
,,547,9,《སྣར་》,ཏྲི།
,,548,10,《པེ་》,ཐོས།
,,549,11,《པེ་》《སྣར་》,བཏང་།
,,550,12,《པེ་》《སྣར་》,mབློ་ལྡན་དེ་ཡི་ལས་རྣམས་ནི།།
,,551,13,《པེ་》《སྣར་》,བརྟོན།
,1062,552,1,《པེ་》《སྣར་》,སའི་གསེར་འཛུགས།
,,553,2,《སྣར་》,གཤད།
,,554,3,《པེ་》《སྣར་》,གྱི།
,,555,4,《པེ་》《སྣར་》,པོ།
,,556,5,《པེ་》《སྣར་》,གྱིས།
,,557,6,《པེ་》《སྣར་》,རི།
,,558,7,《པེ་》《སྣར་》,པ།
,,559,8,《པེ་》《སྣར་》,རིའི།
,,560,9,《པེ་》《སྣར་》,གཅིག
,,561,10,《པེ་》《སྣར་》,བསྒྲུབས།
,,562,11,《པེ་》《སྣར་》,ཧཱི།
,,563,12,《པེ་》《སྣར་》,བིཏྱ།
,1063,564,1,《པེ་》《སྣར་》,ཤཱ།
,,565,2,《པེ་》《སྣར་》,ཏ་མི་གིཾ།
,,566,3,《པེ་》《སྣར་》,མི་ན།
,,567,4,《པེ་》《སྣར་》,ཁན་དྷ།
,,568,5,《སྣར་》,པོ།
,,569,6,《པེ་》《སྣར་》,སྲུང་།
,,570,7,《པེ་》,ཡི།
,,571,8,《པེ་》《སྣར་》,གསང་།
,,572,9,《པེ་》《སྣར་》,ཏེ།
,,573,10,《པེ་》《སྣར་》,།། །།
,,574,11,《པེ་》《སྣར་》,གིས།
,1064,575,1,《པེ་》《སྣར་》,བྲིས།
,,576,2,《པེ་》《སྣར་》,རི་གོོ་རིའི།
,,577,3,《པེ་》,pཔ།
,,578,4,《པེ་》《སྣར་》,རྗེའི།
,,579,5,《པེ་》,ཙཱ་མུན་ཊི།,《སྣར་》,སུ་ཙཱ་མུན་ཌི།
,,580,6,《པེ་》《སྣར་》,ལག
,,581,7,《པེ་》《སྣར་》,གསེར་དང་ཚུངས།
,,582,8,《པེ་》,ཨིནྡཱ།
,,583,9,《པེ་》《སྣར་》,ཇི།
,,584,10,《པེ་》,བླ་ག་བ།,《སྣར་》,བྷ་ག་བ།
,,585,11,《པེ་》《སྣར་》,ཧྲིཥྚི་སརྦ་བྷུ།
,,586,12,《པེ་》《སྣར་》,སྟྭཾ།
,,587,13,《པེ་》《སྣར་》,ཎཱི།
,,588,14,《པེ་》《སྣར་》,pཧཱུཾ།
,1065,589,1,《པེ་》《སྣར་》,མུན་ཊི།,《སྣར་》,མུན་ཌི།
,,590,2,《པེ་》《སྣར་》,མུན་ཌིའི།
,,591,3,《པེ་》《སྣར་》,ཚིག
,1066,592,1,《པེ་》《སྣར་》,ག
,,593,2,《པེ་》《སྣར་》,།། །།
,,594,3,《པེ་》《སྣར་》,བཟད།
,,595,4,《སྣར་》,ཐུགས།
,,596,5,《པེ་》《སྣར་》,ཇི་བཟུལ།
,,597,6,《པེ་》《སྣར་》,པ།
,,598,7,《པེ་》《སྣར་》,བྱ།
,1067,599,1,《པེ་》,གཞག
,,600,2,《སྣར་》,pས།
,,601,3,《པེ་》《སྣར་》,དུར།
,,602,4,《སྣར་》,གྲོ།
,,603,5,《པེ་》《སྣར་》,བརླབས།
,,604,6,《པེ་》《སྣར་》,mཡི་གེ།
,,605,7,《པེ་》《སྣར་》,ཧྨྼྻུཾ།
,,606,8,《པེ་》《སྣར་》,mཡི་གེ།
,,607,9,《པེ་》,གཞུགས།
,,608,10,《པེ་》《སྣར་》,བཅིབས།
,1068,609,1,《པེ་》《སྣར་》,ཏྭཏ།
,,610,2,《སྣར་》,སླིད།
,,611,3,《པེ་》《སྣར་》,མུའི།
,,612,4,《པེ་》《སྣར་》,ནས།
,,613,5,《པེ་》《སྣར་》,།། །།
,,614,6,《པེ་》《སྣར་》,གི།
,,615,7,《པེ་》《སྣར་》,བསྒྲུབ།
,,616,8,《པེ་》,བའི།
,,617,9,《པེ་》《སྣར་》,མན་དུ།
,,618,10,《པེ་》《སྣར་》,རེགས།
,1069,619,1,《པེ་》《སྣར་》,མའི།
,,620,2,《པེ་》,ཁྱིའི།
,,621,3,《པེ་》,བར།
,,622,4,《པེ་》《སྣར་》,གིས།
,,623,5,《པེ་》《སྣར་》,pན།
,,624,6,《པེ་》,གཅན་འཛིན།,《སྣར་》,ཅན་འཛིན།
,,625,7,《སྣར་》,pས།
,,626,8,《པེ་》《སྣར་》,ཏུ་བུ་མོ་དང་།
,,627,9,《སྣར་》,གྱིས།
,,628,10,《པེ་》,གཞག
,1070,629,1,《པེ་》,བཏུགས།
,,630,2,《པེ་》,གཞག
,,631,3,《པེ་》《སྣར་》,གྲིཧྞ་གྲིཧྞ།
,,632,4,《པེ་》《སྣར་》,ལེ་བ་ད་ལེ། བད་ཏ།
,,633,5,《པེ་》《སྣར་》,ཁི།
,,634,6,《པེ་》《སྣར་》,mཔྲ་དཥྚཱ།
,,635,7,《སྣར་》,བཾ་ལི།
,,636,8,《སྣར་》,མགྲོན།
,,637,9,《པེ་》《སྣར་》,ཀཱི།
,,638,10,《པེ་》《སྣར་》,བརྒྱན།
,1071,639,1,《པེ་》《སྣར་》,།། །།
,,640,2,《པེ་》《སྣར་》,ཀྱིས།
,,641,3,《པེ་》《སྣར་》,བཀྲིས།
,,642,4,《པེ་》《སྣར་》,ཁྱུགས།
,,643,5,《སྣར་》,མཐོ།
,,644,6,《པེ་》《སྣར་》,སྒྲེང་།
,,645,7,《སྣར་》,པའི།
,1072,646,1,《སྣར་》,བཞག
,,647,2,《སྣར་》,ཆེན།
,,648,3,《པེ་》《སྣར་》,རྒྱན།
,,649,4,《སྣར་》,རྣམ།
,,650,5,《པེ་》《སྣར་》,ཡིས།
,,651,6,《པེ་》《སྣར་》,གི།
,,652,7,《པེ་》,ཥྚྀ་བི་ཀྲི།,《སྣར་》,ཥྚཱི་པི་ཀྲྀ།
,,653,8,《པེ་》《སྣར་》,pདེ་ལ།
,,654,9,《པེ་》,གཙུགས།
,1073,655,1,《པེ་》《སྣར་》,འབྲེང་།
,,656,2,《པེ་》,ཁྱབ་ཀྱིས།
,,657,3,《པེ་》《སྣར་》,བར།
,,658,4,《པེ་》《སྣར་》,ན།
,,659,5,《པེ་》《སྣར་》,རཱི་ཝ་ར་ན་ཏྲ་སན་ནི་ཏི།
,,660,6,《པེ་》《སྣར་》,བརླབས།
,,661,7,《པེ་》《སྣར་》,ཏྲི་ཨ་དྷ།
,,662,8,《པེ་》《སྣར་》,ཏ།
,,663,9,《པེ་》《སྣར་》《ཅོ་》,དྷ།
,,664,10,《སྣར་》,ནུ།
,,665,11,《པེ་》《སྣར་》,མ་ཡ།
,,666,12,《པེ་》《སྣར་》,ནཱི།
,,667,13,《པེ་》《སྣར་》,ཤོ་ན་དྷ། བཛྲ་ཀུཎ་ཌ་ལི།
,,668,14,《པེ་》《སྣར་》,པྲི་ཏི།
,,669,15,《པེ་》《སྣར་》,ཏ།
,1074,670,1,《པེ་》《སྣར་》,ནེ་པེ་ཏ།
,,671,2,《པེ་》《སྣར་》,པུ།
,,672,3,《པེ་》,བཱ།,《སྣར་》,བཱཀ
,,673,4,《པེ་》《སྣར་》,ཨ།
,,674,5,《པེ་》《སྣར་》,པུ་ར་ཡ་ཐ།
,,675,6,《སྣར་》,ས།
,,676,7,《པེ་》,སདྷི་ཡེ་སྭཱ་ཧཱ། ཀཱ་ཡ།,《སྣར་》,སིདྷ་ཡེ་སྭཱ་ཧཱ།
,,677,8,《པེ་》《སྣར་》,རིས།
,,678,9,《པེ་》《སྣར་》,།། །།
,,679,10,《པེ་》《སྣར་》,སྐྱེའོ།
,,680,11,《པེ་》《སྣར་》,རྗེར།
,1075,681,1,《པེ་》《སྣར་》,ལག
,,682,2,《པེ་》《སྣར་》,རྗེའི།
,,683,3,《པེ་》《སྣར་》,འཛགས།
,,684,4,《པེ་》《སྣར་》,དགས།
,,685,5,《སྣར་》,ཚིགས།
,,686,6,《སྣར་》,ཤེ།
,,687,7,《པེ་》《སྣར་》,དང་།
,,688,8,《པེ་》《སྣར་》,རིག་པས་བསངས།
,,689,9,《པེ་》《སྣར་》,བུདྡྷ།
,,690,10,《སྣར་》,མ་ཧཱ། ཧྲིཾ།
,,691,11,《པེ་》《སྣར་》,དྲཀྵ།
,,692,12,《པེ་》《སྣར་》,ད།
,,693,13,《པེ་》《སྣར་》,བ།
,,694,14,《པེ་》《སྣར་》,ཀྵུཾ།
,,695,15,《པེ་》《སྣར་》,ཨཾི།
,,696,16,《པེ་》《སྣར་》,རྣམ།
,1076,697,1,《པེ་》《སྣར་》,བཛྲི།
,,698,2,《པེ་》,ཡ།
,,699,3,《པེ་》《སྣར་》,རུ།
,,700,4,《པེ་》,སྭཱ།
,,701,5,《པེ་》《སྣར་》,རུ་ར་པ།
,,702,6,《པེ་》,མཆོད།
,,703,7,《པེ་》,ཀྱི།
,,704,8,《པེ་》《སྣར་》,mཿ།
,,705,9,《པེ་》《སྣར་》,བསྲེགས།
,,706,10,《པེ་》,གཞུགས།
,,707,11,《པེ་》,བཀྲྀས།
,,708,12,《པེ་》,ཡིད།
,,709,13,《པེ་》,སྲེགས།
,1077,710,1,《པེ་》《སྣར་》,mམར་མེ་དག་གི་སྣོད་རྣམས་ནི།།
,,711,2,《པེ་》《སྣར་》,དེ།
,1078,712,1,《པེ་》《སྣར་》,འཇི་བ།
,,713,2,《པེ་》《སྣར་》,བྱ་བས་སྐོར།
,,714,3,《པེ་》《སྣར་》,དྷརྨྨཱ།
,,715,4,《པེ་》《སྣར་》,ན་ཡེ།
,,716,5,《པེ་》《སྣར་》,ཏིཥྛི་ཏ་སྟུ།
,,717,6,《པེ་》《སྣར་》,རཏྞ།,,,,
,,718,7,《པེ་》《སྣར་》,བྷྱཿ།
,,719,8,《པེ་》《སྣར་》,བུདྡྷ།
,,720,9,《པེ་》《སྣར་》,སཏྭ།
,,721,10,《པེ་》《སྣར་》,སཏྭ།
,,722,11,《པེ་》《སྣར་》,ཀ་རུ་ནི།
,,723,12,《པེ་》《སྣར་》,དཱད་ཏ།
,,724,13,《པེ་》《སྣར་》,ཡུངས།
,,725,14,《པེ་》《སྣར་》,དོན།
,,726,15,《པེ་》《སྣར་》,ཎ།
,,727,16,《པེ་》,པཱ།
,,728,17,《པེ་》《སྣར་》,ཙ།
,,729,18,《པེ་》《སྣར་》,ཙ།
,,730,19,《པེ་》《སྣར་》,ན།
,,731,20,《པེ་》,ཡ། བི།,《སྣར་》,མ་ཡ། བི།
,,732,21,《པེ་》《སྣར་》,ཏི།
,,733,22,《སྣར་》,དྷ།
,,734,23,《པེ་》《སྣར་》,ཧཱུཾ།
,,735,24,《པེ་》,ཛི།,《སྣར་》,ཛཾ།
,,736,25,《པེ་》《སྣར་》,།། །།
,1079,737,1,《པེ་》《སྣར་》,ཐ།
,,738,2,《པེ་》《སྣར་》,བསྡུས།
,,739,3,《སྣར་》,སྒྲོན།
,,740,4,《པེ་》《སྣར་》,བུམ་པ་གང་།
,,741,5,《པེ་》《སྣར་》,ཐ།
,,742,6,《པེ་》《སྣར་》,ཁྭ།
,,743,7,《པེ་》,ཐོག
,1080,744,1,《པེ་》《སྣར་》,བསྡིགས།
,,745,2,《པེ་》《སྣར་》,བ་རཱ་སྱ་རཀྵ།
,,746,3,《པེ་》《སྣར་》,ཧོ།
,,747,4,《པེ་》《སྣར་》,ཝ་ཏ།
,,748,5,《པེ་》《སྣར་》,སིད་ཏ།
,,749,6,《པེ་》《སྣར་》,པྲ་ཏི་ཝ།
,,750,7,《པེ་》《སྣར་》,ར།
,,751,8,《པེ་》《སྣར་》,བུ་ཛ་ཧི། བག་ཏི།
,,752,9,《པེ་》《སྣར་》,ར།
,,753,10,《པེ་》,གྲིཧྞ།,《སྣར་》,གྲྀཧྞ།
,,754,11,《པེ་》《སྣར་》,pསུ།
,1081,755,1,《སྣར་》,བསྐུ།
,,756,2,《པེ་》《སྣར་》,བྲིས།
,,757,3,《པེ་》,སྐྱེ།
,,758,4,《པེ་》《སྣར་》,གཤེད།
,,759,5,《པེ་》《སྣར་》,སོགས།
,,760,6,《སྣར་》,བཞག
,,761,7,《པེ་》《སྣར་》,པུ།
,,762,8,《སྣར་》,ས།
,,763,9,《པེ་》《སྣར་》,ཧསྟ།
,,764,10,《པེ་》《སྣར་》,pཀ
,,765,11,《པེ་》《སྣར་》,དྷ།
,,766,12,《པེ་》《སྣར་》,ཏཾ་ཨཥྚ།
,,767,13,《པེ་》《སྣར་》,མྲི་ཏེ།
,,768,14,《པེ་》《སྣར་》,དཎྜ།
,1082,769,1,《པེ་》《སྣར་》,རཱ།
,,770,2,《པེ་》《སྣར་》,ལ།
,,771,3,《པེ་》,ར་ཛ།
,,772,4,《པེ་》《སྣར་》,ཧྲི་དེ།
,,773,5,《པེ་》《སྣར་》,ཏ་ཙེ་ཏ།
,,774,6,《པེ་》《སྣར་》,ཊ་གྷ་ཊ། ག་ག་གྷ།
,,775,7,《པེ་》《སྣར་》《ཅོ་》,གྲྀཧྞ།
,,776,8,《པེ་》《སྣར་》,གྲིཧྞཱ།
,,777,9,《པེ་》《སྣར་》,བན།
,,778,10,《པེ་》,བུདྡྷ།,《སྣར་》,བུདྡྷ།
,,779,11,《པེ་》《སྣར་》,དྷརྨྨ་ཎཱི།
,,780,12,《པེ་》《སྣར་》,ཎཱཾ།
,,781,13,《པེ་》《སྣར་》,mཔ།
,,782,14,《པེ་》《སྣར་》,ཀི་ལི་ནཾ་ཝ།
,,783,15,《པེ་》《སྣར་》,ཀྲིཏྱ་ཡེ་ན་ཙི་ཏ་གྲི་ཏཾ་ཏད་སརྦན་ཏུ་ཙྪིནྡྷ་ཙྪིནྡྷ།
,,784,16,《པེ་》《སྣར་》,མི་རི་མི་རི།
,,785,17,《པེ་》《སྣར་》,བསྲུང་།
,,786,18,《པེ་》,pསྣོད།
,1083,787,1,《པེ་》《སྣར་》,།། །།
,,788,2,《སྣར་》,བཞག
,,789,3,《པེ་》《སྣར་》,བཟུང་།
,,790,4,《པེ་》《སྣར་》,པདྨར།
,,791,5,《པེ་》《སྣར་》,སེམས་མའི།
,,792,6,《སྣར་》,།། །།
,,793,7,《པེ་》,བསྡམ།
,,794,8,《སྣར་》,བརྩམས།
,1084,795,1,《པེ་》《སྣར་》,ཧྲཱི།
,,796,2,《པེ་》《སྣར་》,ཡུངས།
,,797,3,《པེ་》,གཞག
,,798,4,《པེ་》《སྣར་》,དི།
,1085,799,1,《པེ་》《སྣར་》,pལས།
,,800,2,《སྣར་》,pབ།
,,801,3,《སྣར་》,དེ།
,,802,4,《སྣར་》,རྟོགས།
,,803,5,《པེ་》《སྣར་》,pརྡོ་རྗེ།
,,804,6,《པེ་》《སྣར་》,pཆེན་པོ།
,,805,7,《པེ་》《སྣར་》,ཙ།
,,806,8,《སྣར་》,དུ།
